c1,c2,c3,c4,c5,c6,c7,c8,c9,c10
-2.415,23.335,6.792,-7.23,15.27,-2.76,77.5,102.76,15,0
2.947,28.697,6.621,-7.23,15.27,-2.76,77.5,102.76,16,0
-4.936,20.814,6.616,0.81,23.31,11.49,91.75,102.76,16,0
-3.865,21.885,6.608,-2.41,20.09,-1.78,78.48,102.76,16,0
2.681,28.431,6.404,-7.23,15.27,-2.76,77.5,102.76,16,0
1.282,27.032,6.353,-2.41,20.09,-1.78,78.48,102.76,16,0
-5.043,20.707,6.234,-0.8,21.7,-3.24,77.02,102.76,16,0
-2.441,23.309,6.127,-7.23,15.27,-2.76,77.5,102.76,16,0
-0.876,24.874,6.001,-0.8,21.7,-3.24,77.02,102.76,18,0
-2.006,23.744,5.947,-7.23,15.27,-2.76,77.5,102.76,18,0
-7.517,18.233,5.892,4.02,26.52,-1.45,78.81,102.76,18,0
0.901,26.651,5.862,-2.41,20.09,-1.78,78.48,102.76,18,0
-3.304,22.446,5.704,-7.23,15.27,-2.76,77.5,102.76,18,0
6.041,31.791,5.666,-7.23,15.27,-2.76,77.5,102.76,18,0
6.633,32.383,5.664,-7.23,15.27,-2.76,77.5,102.76,18,0
-1.804,23.946,5.644,-2.41,20.09,-1.78,78.48,102.76,18,0
1.593,27.343,5.634,0.81,23.31,11.49,91.75,102.76,18,0
-1.327,24.423,5.58,-0.8,21.7,-3.24,77.02,102.76,18,0
-2.03,23.72,5.447,0.81,23.31,11.49,91.75,102.76,18,0
6.858,32.608,5.436,-2.41,20.09,-1.78,78.48,102.76,18,0
0.483,26.233,5.396,-7.23,15.27,-2.76,77.5,102.76,20,0
-3.751,21.999,5.384,-2.41,20.09,-1.78,78.48,102.76,20,0
-1.611,24.139,5.367,-7.23,15.27,-2.76,77.5,102.76,20,0
-2.679,23.071,5.366,-7.23,15.27,-2.76,77.5,102.76,20,0
-2.94,22.81,5.337,-0.8,21.7,-3.24,77.02,102.76,20,0
-4.552,21.198,5.162,4.02,26.52,-1.45,78.81,102.76,20,0
9.641,35.391,5.132,-2.41,20.09,-1.78,78.48,102.76,20,0
-8.514,17.236,5.13,7.24,29.74,-6.41,73.85,102.76,20,0
5.729,31.479,5.124,-0.8,21.7,-3.24,77.02,102.76,20,0
-5.175,20.575,5.075,-0.8,21.7,-3.24,77.02,102.76,20,0
-2.51,23.24,5.075,-7.23,15.27,-2.76,77.5,102.76,20,0
-6.686,19.064,5.06,7.24,29.74,-6.41,73.85,102.76,20,0
-2.987,22.763,5.021,4.02,26.52,-1.45,78.81,102.76,20,0
-1.55,24.2,4.915,-2.41,20.09,-1.78,78.48,102.76,20,0
-3.295,22.455,4.907,-7.23,15.27,-2.76,77.5,102.76,20,0
-3.299,22.451,4.903,0.81,23.31,11.49,91.75,102.76,20,0
-3.838,21.912,4.9,-2.41,20.09,-1.78,78.48,102.76,20,0
4.53,30.28,4.866,4.02,26.52,-1.45,78.81,102.76,22,0
8.632,34.382,4.852,-0.8,21.7,-3.24,77.02,102.76,22,0
-2.322,23.428,4.836,-2.41,20.09,-1.78,78.48,102.76,22,0
-4.743,21.007,4.823,-2.41,20.09,-1.78,78.48,102.76,22,0
0.961,26.711,4.783,-7.23,15.27,-2.76,77.5,102.76,22,0
-4,21.75,4.72,-0.8,21.7,-3.24,77.02,102.76,22,0
-4.088,21.662,4.709,-7.23,15.27,-2.76,77.5,102.76,22,0
1.715,27.465,4.686,-7.23,15.27,-2.76,77.5,102.76,22,0
-4.794,20.956,4.638,-0.8,21.7,-3.24,77.02,102.76,22,0
-4.983,20.767,4.633,-2.41,20.09,-1.78,78.48,102.76,22,0
-3.232,22.518,4.617,-0.8,21.7,-3.24,77.02,102.76,22,0
-9.031,16.719,4.554,4.02,26.52,-1.45,78.81,102.76,22,0
-3.864,21.886,4.523,-7.23,15.27,-2.76,77.5,102.76,22,0
-3.683,22.067,4.52,-2.41,20.09,-1.78,78.48,102.76,22,0
-2.854,22.896,4.499,-7.23,15.27,-2.76,77.5,102.76,22,0
-3.606,22.144,4.485,7.24,29.74,-6.41,73.85,102.76,22,0
-4.421,21.329,4.439,0.81,23.31,11.49,91.75,102.76,24,0
-6.871,18.879,4.434,-0.8,21.7,-3.24,77.02,102.76,24,0
-2.079,23.671,4.426,0.81,23.31,11.49,91.75,102.76,24,0
9.242,34.992,4.425,4.02,26.52,-1.45,78.81,102.76,24,0
-5.827,19.923,4.417,-2.41,20.09,-1.78,78.48,102.76,24,0
-5.129,20.621,4.385,0.81,23.31,11.49,91.75,102.76,24,0
-7.979,17.771,4.375,4.02,26.52,-1.45,78.81,102.76,24,0
-7.26,18.49,4.366,-0.8,21.7,-3.24,77.02,102.76,24,0
-8.188,17.562,4.356,-0.8,21.7,-3.24,77.02,102.76,24,0
-0.951,24.799,4.352,-7.23,15.27,-2.76,77.5,102.76,24,0
6.125,31.875,4.335,-7.23,15.27,-2.76,77.5,102.76,24,0
2.965,28.715,4.333,7.24,29.74,-6.41,73.85,102.76,24,0
-0.021,25.729,4.309,-7.23,15.27,-2.76,77.5,102.76,24,0
-4.799,20.951,4.284,-0.8,21.7,-3.24,77.02,102.76,24,0
1.807,27.557,4.282,0.81,23.31,11.49,91.75,102.76,24,0
-1.345,24.405,4.262,-2.41,20.09,-1.78,78.48,102.76,24,0
1.88,27.63,4.258,-2.41,20.09,-1.78,78.48,102.76,24,0
-8.534,17.216,4.23,0.81,23.31,11.49,91.75,102.76,24,0
-9.898,15.852,4.23,0.81,23.31,11.49,91.75,102.76,24,0
-6.222,19.528,4.224,-2.41,20.09,-1.78,78.48,102.76,24,0
-5.091,20.659,4.212,4.02,26.52,-1.45,78.81,102.76,24,0
-3.356,22.394,4.209,-7.23,15.27,-2.76,77.5,102.76,24,0
-1.915,23.835,4.191,-7.23,15.27,-2.76,77.5,102.76,24,0
4.592,30.342,4.188,-7.23,15.27,-2.76,77.5,102.76,24,0
3.335,29.085,4.186,0.81,23.31,11.49,91.75,102.76,24,0
0.264,26.014,4.178,-2.41,20.09,-1.78,78.48,102.76,24,0
3.545,29.295,4.165,-7.23,15.27,-2.76,77.5,102.76,24,0
6.819,32.569,4.154,-7.23,15.27,-2.76,77.5,102.76,24,0
-5.157,20.593,4.154,0.81,23.31,11.49,91.75,102.76,24,0
0.978,26.728,4.092,-0.8,21.7,-3.24,77.02,102.76,26,0
0.917,26.667,4.084,-7.23,15.27,-2.76,77.5,102.76,26,0
5.989,31.739,4.078,-2.41,20.09,-1.78,78.48,102.76,26,0
-3.034,22.716,4.065,-7.23,15.27,-2.76,77.5,102.76,26,0
-4.888,20.862,4.063,-2.41,20.09,-1.78,78.48,102.76,26,0
-3.917,21.833,4.062,-0.8,21.7,-3.24,77.02,102.76,26,0
-4.233,21.517,4.059,0.81,23.31,11.49,91.75,102.76,26,0
-2.079,23.671,4.048,0.81,23.31,11.49,91.75,102.76,26,0
-12.012,13.738,4.042,4.02,26.52,-1.45,78.81,102.76,26,0
-0.693,25.057,4.004,-0.8,21.7,-3.24,77.02,102.76,26,0
-3.791,21.959,4.003,-7.23,15.27,-2.76,77.5,102.76,26,0
-8.013,17.737,4.001,-0.8,21.7,-3.24,77.02,102.76,26,0
0.099,25.849,3.957,0.81,23.31,11.49,91.75,102.76,26,0
5.273,31.023,3.9,-0.8,21.7,-3.24,77.02,102.76,26,0
-3.249,22.501,3.897,-7.23,15.27,-2.76,77.5,102.76,26,0
-0.696,25.054,3.886,-7.23,15.27,-2.76,77.5,102.76,26,0
-3.126,22.624,3.874,-2.41,20.09,-1.78,78.48,102.76,26,0
3.24,28.99,3.87,-7.23,15.27,-2.76,77.5,102.76,26,0
0,25.75,3.868,-7.23,15.27,-2.76,77.5,102.76,26,0
-6.633,19.117,3.862,-0.8,21.7,-3.24,77.02,102.76,26,0
4.753,30.503,3.852,-7.23,15.27,-2.76,77.5,102.76,26,0
5.547,31.297,3.848,-2.41,20.09,-1.78,78.48,102.76,26,0
-6.298,19.452,3.84,0.81,23.31,11.49,91.75,102.76,26,0
-0.738,25.012,3.835,-7.23,15.27,-2.76,77.5,102.76,26,0
4.187,29.937,3.83,4.02,26.52,-1.45,78.81,102.76,26,0
-7.081,18.669,3.828,0.81,23.31,11.49,91.75,102.76,26,0
1.185,26.935,3.824,-7.23,15.27,-2.76,77.5,102.76,26,0
0.838,26.588,3.821,-7.23,15.27,-2.76,77.5,102.76,26,0
-2.81,22.94,3.817,-7.23,15.27,-2.76,77.5,102.76,26,0
4.174,29.924,3.794,-7.23,15.27,-2.76,77.5,102.76,28,0
2.965,28.715,3.78,-7.23,15.27,-2.76,77.5,102.76,28,0
-7.54,18.21,3.776,7.24,29.74,-6.41,73.85,102.76,28,0
1.24,26.99,3.773,-7.23,15.27,-2.76,77.5,102.76,28,0
8.018,33.768,3.768,4.02,26.52,-1.45,78.81,102.76,28,0
-3.149,22.601,3.748,0.81,23.31,11.49,91.75,102.76,28,0
-11.393,14.357,3.741,4.02,26.52,-1.45,78.81,102.76,28,0
-0.854,24.896,3.733,-2.41,20.09,-1.78,78.48,102.76,28,0
6.589,32.339,3.733,-7.23,15.27,-2.76,77.5,102.76,28,0
6.986,32.736,3.733,-7.23,15.27,-2.76,77.5,102.76,28,0
1.402,27.152,3.731,0.81,23.31,11.49,91.75,102.76,28,0
-1.008,24.742,3.699,-2.41,20.09,-1.78,78.48,102.76,28,0
8.679,34.429,3.688,-2.41,20.09,-1.78,78.48,102.76,28,0
-1.167,24.583,3.688,-7.23,15.27,-2.76,77.5,102.76,28,0
-1.463,24.287,3.687,-7.23,15.27,-2.76,77.5,102.76,28,0
4.242,29.992,3.684,-0.8,21.7,-3.24,77.02,102.76,28,0
-5.581,20.169,3.676,-0.8,21.7,-3.24,77.02,102.76,28,0
1.068,26.818,3.675,-7.23,15.27,-2.76,77.5,102.76,28,0
3.262,29.012,3.673,0.81,23.31,11.49,91.75,102.76,28,0
-7.967,17.783,3.671,0.81,23.31,11.49,91.75,102.76,28,0
-4.633,21.117,3.667,0.81,23.31,11.49,91.75,102.76,28,0
-2.919,22.831,3.661,-7.23,15.27,-2.76,77.5,102.76,28,0
-5.143,20.607,3.66,-2.41,20.09,-1.78,78.48,102.76,28,0
-14.146,11.604,3.657,7.24,29.74,-6.41,73.85,102.76,28,0
6.289,32.039,3.625,-7.23,15.27,-2.76,77.5,102.76,28,0
-3.269,22.481,3.622,-0.8,21.7,-3.24,77.02,102.76,28,0
-4.157,21.593,3.618,0.81,23.31,11.49,91.75,102.76,28,0
-3.734,22.016,3.616,-2.41,20.09,-1.78,78.48,102.76,28,0
-2.109,23.641,3.609,-7.23,15.27,-2.76,77.5,102.76,28,0
-12.582,13.168,3.589,4.02,26.52,-1.45,78.81,102.76,28,0
-2,23.75,3.561,-7.23,15.27,-2.76,77.5,102.76,28,0
-3.41,22.34,3.558,-0.8,21.7,-3.24,77.02,102.76,28,0
-5.281,20.469,3.549,-2.41,20.09,-1.78,78.48,102.76,28,0
-1.27,24.48,3.54,0.81,23.31,11.49,91.75,102.76,30,0
-2.009,23.741,3.522,-7.23,15.27,-2.76,77.5,102.76,30,0
-5.379,20.371,3.522,0.81,23.31,11.49,91.75,102.76,30,0
-2.094,23.656,3.516,-7.23,15.27,-2.76,77.5,102.76,30,0
-4.744,21.006,3.514,-2.41,20.09,-1.78,78.48,102.76,30,0
1.882,27.632,3.513,-2.41,20.09,-1.78,78.48,102.76,30,0
-3.22,22.53,3.508,-7.23,15.27,-2.76,77.5,102.76,30,0
0.975,26.725,3.494,-7.23,15.27,-2.76,77.5,102.76,30,0
-8.002,17.748,3.491,0.81,23.31,11.49,91.75,102.76,30,0
2.461,28.211,3.488,-2.41,20.09,-1.78,78.48,102.76,30,0
-3.381,22.369,3.485,-7.23,15.27,-2.76,77.5,102.76,30,0
2.988,28.738,3.483,4.02,26.52,-1.45,78.81,102.76,30,0
-0.772,24.978,3.474,7.24,29.74,-6.41,73.85,102.76,30,0
-1.56,24.19,3.471,-7.23,15.27,-2.76,77.5,102.76,30,0
0.699,26.449,3.471,0.81,23.31,11.49,91.75,102.76,30,0
-6.923,18.827,3.47,-0.8,21.7,-3.24,77.02,102.76,30,0
-4.823,20.927,3.461,-2.41,20.09,-1.78,78.48,102.76,30,0
-8.882,16.868,3.46,0.81,23.31,11.49,91.75,102.76,30,0
-1.711,24.039,3.456,0.81,23.31,11.49,91.75,102.76,30,0
7.1,32.85,3.45,-2.41,20.09,-1.78,78.48,102.76,30,0
-0.401,25.349,3.45,-7.23,15.27,-2.76,77.5,102.76,30,0
6.196,31.946,3.448,-2.41,20.09,-1.78,78.48,102.76,30,0
-1.21,24.54,3.447,-7.23,15.27,-2.76,77.5,102.76,30,0
2.168,27.918,3.445,0.81,23.31,11.49,91.75,102.76,30,0
6.468,32.218,3.437,-7.23,15.27,-2.76,77.5,102.76,30,0
-2.709,23.041,3.432,-7.23,15.27,-2.76,77.5,102.76,30,0
-10.74,15.01,3.43,4.02,26.52,-1.45,78.81,102.76,30,0
-9.647,16.103,3.426,7.24,29.74,-6.41,73.85,102.76,30,0
-4.295,21.455,3.424,-2.41,20.09,-1.78,78.48,102.76,30,0
-4.824,20.926,3.423,-0.8,21.7,-3.24,77.02,102.76,30,0
-0.909,24.841,3.419,-2.41,20.09,-1.78,78.48,102.76,30,0
0.878,26.628,3.404,-0.8,21.7,-3.24,77.02,102.76,30,0
2.907,28.657,3.402,-2.41,20.09,-1.78,78.48,102.76,30,0
-5.853,19.897,3.399,-2.41,20.09,-1.78,78.48,102.76,30,0
0.891,26.641,3.398,7.24,29.74,-6.41,73.85,102.76,30,0
-0.17,25.58,3.392,-7.23,15.27,-2.76,77.5,102.76,30,0
-7.025,18.725,3.386,-0.8,21.7,-3.24,77.02,102.76,30,0
0.606,26.356,3.386,-7.23,15.27,-2.76,77.5,102.76,30,0
5.816,31.566,3.384,-7.23,15.27,-2.76,77.5,102.76,30,0
0.188,25.938,3.382,-2.41,20.09,-1.78,78.48,102.76,30,0
7.468,33.218,3.377,-0.8,21.7,-3.24,77.02,102.76,30,0
-4.668,21.082,3.363,-2.41,20.09,-1.78,78.48,102.76,30,0
-6.404,19.346,3.359,-0.8,21.7,-3.24,77.02,102.76,30,0
7.156,32.906,3.356,-2.41,20.09,-1.78,78.48,102.76,30,0
0.38,26.13,3.354,-0.8,21.7,-3.24,77.02,102.76,30,0
-6.46,19.29,3.352,0.81,23.31,11.49,91.75,102.76,30,0
2.953,28.703,3.35,-7.23,15.27,-2.76,77.5,102.76,30,0
-0.391,25.359,3.343,-7.23,15.27,-2.76,77.5,102.76,30,0
7.254,33.004,3.34,-2.41,20.09,-1.78,78.48,102.76,30,0
-3.774,21.976,3.34,-2.41,20.09,-1.78,78.48,102.76,30,0
-1.452,24.298,3.337,-2.41,20.09,-1.78,78.48,102.76,30,0
3.393,29.143,3.335,-2.41,20.09,-1.78,78.48,102.76,30,0
5.075,30.825,3.326,-7.23,15.27,-2.76,77.5,102.76,30,0
-1.202,24.548,3.324,-7.23,15.27,-2.76,77.5,102.76,30,0
-1.892,23.858,3.321,-0.8,21.7,-3.24,77.02,102.76,30,0
-7.294,18.456,3.315,4.02,26.52,-1.45,78.81,102.76,30,0
-3.461,22.289,3.313,-2.41,20.09,-1.78,78.48,102.76,32,0
-7.388,18.362,3.312,0.81,23.31,11.49,91.75,102.76,32,0
-7.571,18.179,3.312,0.81,23.31,11.49,91.75,102.76,32,0
-5.931,19.819,3.307,-2.41,20.09,-1.78,78.48,102.76,32,0
-6.56,19.19,3.295,-0.8,21.7,-3.24,77.02,102.76,32,0
-4.509,21.241,3.292,0.81,23.31,11.49,91.75,102.76,32,0
-2.26,23.49,3.288,-2.41,20.09,-1.78,78.48,102.76,32,0
-2.514,23.236,3.277,-0.8,21.7,-3.24,77.02,102.76,32,0
5.517,31.267,3.272,-0.8,21.7,-3.24,77.02,102.76,32,0
-7.529,18.221,3.272,0.81,23.31,11.49,91.75,102.76,32,0
9.013,34.763,3.271,7.24,29.74,-6.41,73.85,102.76,32,0
-0.01,25.74,3.255,-7.23,15.27,-2.76,77.5,102.76,32,0
-5.361,20.389,3.247,-0.8,21.7,-3.24,77.02,102.76,32,0
0.767,26.517,3.245,-0.8,21.7,-3.24,77.02,102.76,32,0
1.983,27.733,3.245,-7.23,15.27,-2.76,77.5,102.76,32,0
-8.762,16.988,3.241,0.81,23.31,11.49,91.75,102.76,32,0
2.661,28.411,3.237,0.81,23.31,11.49,91.75,102.76,32,0
-3.498,22.252,3.237,4.02,26.52,-1.45,78.81,102.76,32,0
1.361,27.111,3.236,-2.41,20.09,-1.78,78.48,102.76,32,0
-3.452,22.298,3.233,-2.41,20.09,-1.78,78.48,102.76,32,0
-3.628,22.122,3.229,-2.41,20.09,-1.78,78.48,102.76,32,0
-7.014,18.736,3.219,-0.8,21.7,-3.24,77.02,102.76,32,0
-5.307,20.443,3.217,-2.41,20.09,-1.78,78.48,102.76,32,0
3.129,28.879,3.217,-7.23,15.27,-2.76,77.5,102.76,32,0
-2.262,23.488,3.214,-7.23,15.27,-2.76,77.5,102.76,32,0
-2.56,23.19,3.209,4.02,26.52,-1.45,78.81,102.76,32,0
-0.665,25.085,3.208,-0.8,21.7,-3.24,77.02,102.76,32,0
2.775,28.525,3.207,4.02,26.52,-1.45,78.81,102.76,32,0
5.946,31.696,3.202,-0.8,21.7,-3.24,77.02,102.76,32,0
-2.959,22.791,3.202,-2.41,20.09,-1.78,78.48,102.76,32,0
3.887,29.637,3.201,-7.23,15.27,-2.76,77.5,102.76,32,0
-4.489,21.261,3.2,0.81,23.31,11.49,91.75,102.76,32,0
-3.23,22.52,3.191,-2.41,20.09,-1.78,78.48,102.76,32,0
-5.922,19.828,3.188,-0.8,21.7,-3.24,77.02,102.76,32,0
7.437,33.187,3.186,-2.41,20.09,-1.78,78.48,102.76,32,0
2.073,27.823,3.182,-7.23,15.27,-2.76,77.5,102.76,32,0
8.856,34.606,3.181,-2.41,20.09,-1.78,78.48,102.76,32,0
5.67,31.42,3.177,-0.8,21.7,-3.24,77.02,102.76,32,0
2.456,28.206,3.172,-0.8,21.7,-3.24,77.02,102.76,32,0
-1.716,24.034,3.172,-7.23,15.27,-2.76,77.5,102.76,32,0
9.212,34.962,3.17,-2.41,20.09,-1.78,78.48,102.76,32,0
1.568,27.318,3.168,-2.41,20.09,-1.78,78.48,102.76,32,0
6.607,32.357,3.168,-7.23,15.27,-2.76,77.5,102.76,32,0
0.039,25.789,3.165,-2.41,20.09,-1.78,78.48,102.76,32,0
6.567,32.317,3.165,-7.23,15.27,-2.76,77.5,102.76,32,0
-1.744,24.006,3.156,-7.23,15.27,-2.76,77.5,102.76,32,0
5.594,31.344,3.155,-7.23,15.27,-2.76,77.5,102.76,32,0
1.449,27.199,3.15,-7.23,15.27,-2.76,77.5,102.76,32,0
-7.769,17.981,3.144,0.81,23.31,11.49,91.75,102.76,32,0
-4.64,21.11,3.143,-0.8,21.7,-3.24,77.02,102.76,32,0
5.487,31.237,3.141,-0.8,21.7,-3.24,77.02,102.76,32,0
1.046,26.796,3.14,-2.41,20.09,-1.78,78.48,102.76,32,0
-2.623,23.127,3.139,-7.23,15.27,-2.76,77.5,102.76,32,0
1.03,26.78,3.136,-2.41,20.09,-1.78,78.48,102.76,32,0
-4.446,21.304,3.134,0.81,23.31,11.49,91.75,102.76,32,0
3.354,29.104,3.129,-7.23,15.27,-2.76,77.5,102.76,32,0
-1.783,23.967,3.129,4.02,26.52,-1.45,78.81,102.76,32,0
-2.863,22.887,3.121,-2.41,20.09,-1.78,78.48,102.76,32,0
-4.665,21.085,3.121,4.02,26.52,-1.45,78.81,102.76,32,0
1.139,26.889,3.119,-2.41,20.09,-1.78,78.48,102.76,32,0
-3.473,22.277,3.116,-7.23,15.27,-2.76,77.5,102.76,32,0
-1.189,24.561,3.116,0.81,23.31,11.49,91.75,102.76,32,0
-0.458,25.292,3.114,-0.8,21.7,-3.24,77.02,102.76,32,0
-11.47,14.28,3.11,4.02,26.52,-1.45,78.81,102.76,34,0
-4.501,21.249,3.106,-0.8,21.7,-3.24,77.02,102.76,34,0
-8.451,17.299,3.103,-0.8,21.7,-3.24,77.02,102.76,34,0
1.305,27.055,3.101,-2.41,20.09,-1.78,78.48,102.76,34,0
-6.842,18.908,3.1,-0.8,21.7,-3.24,77.02,102.76,34,0
8.57,34.32,3.098,4.02,26.52,-1.45,78.81,102.76,34,0
-11.978,13.772,3.096,4.02,26.52,-1.45,78.81,102.76,34,0
4.682,30.432,3.089,4.02,26.52,-1.45,78.81,102.76,34,0
-7.651,18.099,3.08,-0.8,21.7,-3.24,77.02,102.76,34,0
2.541,28.291,3.076,-2.41,20.09,-1.78,78.48,102.76,34,0
0.122,25.872,3.071,-0.8,21.7,-3.24,77.02,102.76,34,0
1.382,27.132,3.071,-7.23,15.27,-2.76,77.5,102.76,34,0
4.185,29.935,3.07,-7.23,15.27,-2.76,77.5,102.76,34,0
-3.979,21.771,3.069,-0.8,21.7,-3.24,77.02,102.76,34,0
6.13,31.88,3.064,-0.8,21.7,-3.24,77.02,102.76,34,0
-9.534,16.216,3.061,4.02,26.52,-1.45,78.81,102.76,34,0
-0.898,24.852,3.058,-0.8,21.7,-3.24,77.02,102.76,34,0
7.86,33.61,3.054,-0.8,21.7,-3.24,77.02,102.76,34,0
-2.486,23.264,3.054,-2.41,20.09,-1.78,78.48,102.76,34,0
-5.567,20.183,3.05,-0.8,21.7,-3.24,77.02,102.76,34,0
-0.569,25.181,3.048,-0.8,21.7,-3.24,77.02,102.76,34,0
-2.134,23.616,3.044,0.81,23.31,11.49,91.75,102.76,34,0
2.064,27.814,3.037,-2.41,20.09,-1.78,78.48,102.76,34,0
-7.652,18.098,3.036,0.81,23.31,11.49,91.75,102.76,34,0
8.506,34.256,3.035,4.02,26.52,-1.45,78.81,102.76,34,0
0.081,25.831,3.033,-0.8,21.7,-3.24,77.02,102.76,34,0
2.179,27.929,3.032,0.81,23.31,11.49,91.75,102.76,34,0
8.148,33.898,3.031,-0.8,21.7,-3.24,77.02,102.76,34,0
-1.736,24.014,3.031,0.81,23.31,11.49,91.75,102.76,34,0
-5.72,20.03,3.03,-0.8,21.7,-3.24,77.02,102.76,34,0
-3.49,22.26,3.026,-7.23,15.27,-2.76,77.5,102.76,34,0
1.475,27.225,3.024,-0.8,21.7,-3.24,77.02,102.76,34,0
2.18,27.93,3.019,-2.41,20.09,-1.78,78.48,102.76,34,0
-3.14,22.61,3.018,-2.41,20.09,-1.78,78.48,102.76,34,0
9.464,35.214,3.013,-2.41,20.09,-1.78,78.48,102.76,34,0
7.686,33.436,3.006,4.02,26.52,-1.45,78.81,102.76,34,0
-3.583,22.167,3.005,-0.8,21.7,-3.24,77.02,102.76,34,0
-6.279,19.471,3.001,0.81,23.31,11.49,91.75,102.76,34,0
-7.882,17.868,2.999,-0.8,21.7,-3.24,77.02,102.76,34,0
-1.868,23.882,2.996,-7.23,15.27,-2.76,77.5,102.76,34,0
5.802,31.552,2.995,-7.23,15.27,-2.76,77.5,102.76,34,0
-7.763,17.987,2.993,0.81,23.31,11.49,91.75,102.76,34,0
2.544,28.294,2.991,-2.41,20.09,-1.78,78.48,102.76,34,0
1.268,27.018,2.986,0.81,23.31,11.49,91.75,102.76,34,0
-1.799,23.951,2.982,-7.23,15.27,-2.76,77.5,102.76,34,0
-1.226,24.524,2.978,0.81,23.31,11.49,91.75,102.76,34,0
-3.448,22.302,2.977,-7.23,15.27,-2.76,77.5,102.76,34,0
0.978,26.728,2.975,-7.23,15.27,-2.76,77.5,102.76,34,0
0.476,26.226,2.974,-0.8,21.7,-3.24,77.02,102.76,34,0
-5.721,20.029,2.974,0.81,23.31,11.49,91.75,102.76,34,0
6.103,31.853,2.97,-2.41,20.09,-1.78,78.48,102.76,34,0
-2.267,23.483,2.97,-2.41,20.09,-1.78,78.48,102.76,34,0
3.252,29.002,2.963,4.02,26.52,-1.45,78.81,102.76,34,0
-4.189,21.561,2.962,0.81,23.31,11.49,91.75,102.76,34,0
0.375,26.125,2.961,4.02,26.52,-1.45,78.81,102.76,34,0
-1.113,24.637,2.957,-7.23,15.27,-2.76,77.5,102.76,34,0
-0.416,25.334,2.955,-7.23,15.27,-2.76,77.5,102.76,34,0
-2.113,23.637,2.954,-7.23,15.27,-2.76,77.5,102.76,34,0
-7.778,17.972,2.952,0.81,23.31,11.49,91.75,102.76,34,0
0.101,25.851,2.95,-0.8,21.7,-3.24,77.02,102.76,34,0
-0.602,25.148,2.948,0.81,23.31,11.49,91.75,102.76,34,0
2.031,27.781,2.946,-2.41,20.09,-1.78,78.48,102.76,34,0
-5.595,20.155,2.943,-2.41,20.09,-1.78,78.48,102.76,34,0
-3.945,21.805,2.939,-2.41,20.09,-1.78,78.48,102.76,34,0
-8.072,17.678,2.937,4.02,26.52,-1.45,78.81,102.76,34,0
2.357,28.107,2.936,0.81,23.31,11.49,91.75,102.76,36,1
0.07,25.82,2.935,0.81,23.31,11.49,91.75,102.76,36,1
0.965,26.715,2.931,-7.23,15.27,-2.76,77.5,102.76,36,1
-1.222,24.528,2.928,-7.23,15.27,-2.76,77.5,102.76,36,1
-7.119,18.631,2.926,-0.8,21.7,-3.24,77.02,102.76,36,1
6.641,32.391,2.926,-2.41,20.09,-1.78,78.48,102.76,36,1
7.299,33.049,2.925,7.24,29.74,-6.41,73.85,102.76,36,1
-2.834,22.916,2.925,4.02,26.52,-1.45,78.81,102.76,36,1
1.006,26.756,2.921,-0.8,21.7,-3.24,77.02,102.76,36,1
-3.552,22.198,2.921,-2.41,20.09,-1.78,78.48,102.76,36,1
-0.7,25.05,2.917,0.81,23.31,11.49,91.75,102.76,36,1
-1.087,24.663,2.916,0.81,23.31,11.49,91.75,102.76,36,1
6.681,32.431,2.913,-2.41,20.09,-1.78,78.48,102.76,36,1
-14.122,11.628,2.912,7.24,29.74,-6.41,73.85,102.76,36,1
0.011,25.761,2.911,-0.8,21.7,-3.24,77.02,102.76,36,1
-12.15,13.6,2.906,7.24,29.74,-6.41,73.85,102.76,36,1
-0.37,25.38,2.905,-7.23,15.27,-2.76,77.5,102.76,36,1
0.746,26.496,2.903,-2.41,20.09,-1.78,78.48,102.76,36,1
-4.324,21.426,2.902,0.81,23.31,11.49,91.75,102.76,36,1
-1.558,24.192,2.899,-7.23,15.27,-2.76,77.5,102.76,36,1
-6.068,19.682,2.898,0.81,23.31,11.49,91.75,102.76,36,1
-4.08,21.67,2.89,-0.8,21.7,-3.24,77.02,102.76,36,1
2.863,28.613,2.89,4.02,26.52,-1.45,78.81,102.76,36,1
-1.89,23.86,2.887,-7.23,15.27,-2.76,77.5,102.76,36,1
-3.363,22.387,2.884,-2.41,20.09,-1.78,78.48,102.76,36,1
-2.37,23.38,2.884,-7.23,15.27,-2.76,77.5,102.76,36,1
1.506,27.256,2.88,-7.23,15.27,-2.76,77.5,102.76,36,1
4.591,30.341,2.878,-0.8,21.7,-3.24,77.02,102.76,36,1
-12.592,13.158,2.877,4.02,26.52,-1.45,78.81,102.76,36,1
1.915,27.665,2.874,0.81,23.31,11.49,91.75,102.76,36,1
-2.168,23.582,2.871,-2.41,20.09,-1.78,78.48,102.76,36,1
-1.308,24.442,2.868,-7.23,15.27,-2.76,77.5,102.76,36,1
1.666,27.416,2.866,-0.8,21.7,-3.24,77.02,102.76,36,1
4.01,29.76,2.864,-7.23,15.27,-2.76,77.5,102.76,36,1
-2.224,23.526,2.863,-7.23,15.27,-2.76,77.5,102.76,36,1
2.93,28.68,2.856,4.02,26.52,-1.45,78.81,102.76,36,1
-4.818,20.932,2.854,-0.8,21.7,-3.24,77.02,102.76,36,1
-6.877,18.873,2.85,0.81,23.31,11.49,91.75,102.76,36,1
-5.83,19.92,2.845,-0.8,21.7,-3.24,77.02,102.76,36,1
5.335,31.085,2.844,-0.8,21.7,-3.24,77.02,102.76,36,1
0.611,26.361,2.844,-7.23,15.27,-2.76,77.5,102.76,36,1
-0.38,25.37,2.844,0.81,23.31,11.49,91.75,102.76,36,1
-1.476,24.274,2.843,-2.41,20.09,-1.78,78.48,102.76,36,1
-6.354,19.396,2.84,7.24,29.74,-6.41,73.85,102.76,36,1
-6.984,18.766,2.84,0.81,23.31,11.49,91.75,102.76,36,1
0.519,26.269,2.838,-0.8,21.7,-3.24,77.02,102.76,36,1
9.277,35.027,2.838,-2.41,20.09,-1.78,78.48,102.76,36,1
8.415,34.165,2.833,-2.41,20.09,-1.78,78.48,102.76,36,1
2.622,28.372,2.832,0.81,23.31,11.49,91.75,102.76,36,1
-9.381,16.369,2.832,0.81,23.31,11.49,91.75,102.76,36,1
2.556,28.306,2.83,0.81,23.31,11.49,91.75,102.76,36,1
3.829,29.579,2.83,4.02,26.52,-1.45,78.81,102.76,36,1
3.996,29.746,2.829,4.02,26.52,-1.45,78.81,102.76,36,1
2.844,28.594,2.827,-7.23,15.27,-2.76,77.5,102.76,36,1
-2.567,23.183,2.825,-7.23,15.27,-2.76,77.5,102.76,36,1
-5.329,20.421,2.823,-0.8,21.7,-3.24,77.02,102.76,36,1
5.74,31.49,2.819,-0.8,21.7,-3.24,77.02,102.76,36,1
-1.787,23.963,2.819,-7.23,15.27,-2.76,77.5,102.76,36,1
-4.909,20.841,2.816,7.24,29.74,-6.41,73.85,102.76,36,1
-7.292,18.458,2.816,0.81,23.31,11.49,91.75,102.76,36,1
2.147,27.897,2.816,0.81,23.31,11.49,91.75,102.76,36,1
-13.884,11.866,2.816,4.02,26.52,-1.45,78.81,102.76,36,1
1.731,27.481,2.814,-7.23,15.27,-2.76,77.5,102.76,36,1
0.089,25.839,2.811,-7.23,15.27,-2.76,77.5,102.76,36,1
2.304,28.054,2.81,-2.41,20.09,-1.78,78.48,102.76,36,1
2.545,28.295,2.809,0.81,23.31,11.49,91.75,102.76,36,1
-4.673,21.077,2.791,-7.23,15.27,-2.76,77.5,102.76,36,1
-2.398,23.352,2.79,-0.8,21.7,-3.24,77.02,102.76,36,1
3.733,29.483,2.79,-7.23,15.27,-2.76,77.5,102.76,36,1
-0.986,24.764,2.785,0.81,23.31,11.49,91.75,102.76,36,1
-6.194,19.556,2.782,-0.8,21.7,-3.24,77.02,102.76,36,1
